<?xml version="1.0" encoding="UTF-8"?>
<project-private xmlns="http://www.netbeans.org/ns/project-private/1">
    <editor-bookmarks xmlns="http://www.netbeans.org/ns/editor-bookmarks/2" lastBookmarkId="0"/>
    <open-files xmlns="http://www.netbeans.org/ns/projectui-open-files/2">
        <group>
            <file>file:/Users/am/Desktop/SP1Java/SP1/src/sp1/Product.java</file>
            <file>file:/Users/am/Desktop/SP1Java/SP1/src/sp1/DBUtil.java</file>
            <file>file:/Users/am/Desktop/SP1Java/SP1/src/sp1/SP1.java</file>
            <file>file:/Users/am/Desktop/SP1Java/SP1/src/sp1/NewJFrame.java</file>
            <file>file:/Users/am/Desktop/SP1Java/SP1/src/sp1/ProductDB.java</file>
        </group>
    </open-files>
</project-private>
