<?xml version="1.0" encoding="UTF-8"?>
<project-private xmlns="http://www.netbeans.org/ns/project-private/1">
    <editor-bookmarks xmlns="http://www.netbeans.org/ns/editor-bookmarks/2" lastBookmarkId="0"/>
    <open-files xmlns="http://www.netbeans.org/ns/projectui-open-files/2">
        <group>
            <file>file:/Users/am/Desktop/PolylabsMgr/src/polylabsmgr/hungnq/db/DBUtil.java</file>
            <file>file:/Users/am/Desktop/PolylabsMgr/src/polylabsmgr/hungnq/db/ProductDB.java</file>
            <file>file:/Users/am/Desktop/PolylabsMgr/src/polylabsmgr/PolylabsMgr.java</file>
            <file>file:/Users/am/Desktop/PolylabsMgr/src/polylabsmgr/hungnq/business/Product.java</file>
            <file>file:/Users/am/Desktop/PolylabsMgr/src/polylabsmgr/hungnq/ui/ProductManager.java</file>
        </group>
    </open-files>
</project-private>
